World Rank,National Rank,Score
1,1,100.0
2,2,96.7
3,3,95.1
4,1,94.1
5,2,93.3
6,4,92.6
7,5,92.0
8,6,91.5
9,7,91.1
10,8,90.7
11,9,90.4
12,10,90.1
13,1,89.8
14,11,89.5
15,12,89.2
16,13,89.0
17,14,88.8
18,15,88.6
19,3,88.4
20,16,88.2
21,1,88.0
22,17,87.8
23,18,87.6
24,1,87.5
25,19,87.3
26,20,87.2
27,2,87.0
28,2,86.9
29,1,86.8
30,4,86.6
31,1,86.5
32,2,86.4
33,21,86.3
34,22,86.1
35,1,86.0
36,3,85.9
37,1,85.8
38,23,85.7
39,24,85.6
40,25,85.5
41,4,85.4
42,5,85.3
43,5,85.2
44,1,85.1
45,6,85.0
46,26,85.0
47,27,84.9
48,3,84.8
49,28,84.7
50,29,84.6
51,30,84.5
52,31,84.5
53,32,84.4
54,33,84.3
55,2,84.2
56,34,84.2
57,7,84.1
58,1,84.0
59,2,84.0
60,3,83.9
61,35,83.8
62,36,83.8
63,1,83.7
64,1,83.6
65,2,83.6
66,37,83.5
67,2,83.4
68,38,83.4
69,39,83.3
70,4,83.3
71,1,83.2
72,40,83.1
73,3,83.1
74,41,83.0
75,42,83.0
76,43,82.9
77,1,82.9
78,3,82.8
79,8,82.8
80,5,82.7
81,4,82.6
82,44,82.6
83,45,82.5
84,2,82.5
85,46,82.4
86,47,82.4
87,3,82.3
88,2,82.3
89,1,82.2
90,1,82.2
91,9,82.2
92,6,82.1
93,48,82.1
94,49,82.0
95,50,82.0
96,4,81.9
97,4,81.9
98,2,81.8
99,3,81.8
100,4,81.8
101,10,81.7
102,4,81.7
103,5,81.6
104,5,81.6
105,1,81.5
106,51,81.5
107,2,81.5
108,7,81.4
109,3,81.4
110,5,81.3
111,52,81.3
112,53,81.3
113,1,81.2
114,4,81.2
115,6,81.1
116,1,81.1
117,11,81.1
118,1,81.0
119,6,81.0
120,5,81.0
121,2,80.9
122,8,80.9
123,9,80.9
124,54,80.8
125,5,80.8
126,12,80.7
127,55,80.7
128,6,80.7
129,56,80.6
130,5,80.6
131,1,80.6
132,6,80.5
133,10,80.5
134,57,80.5
135,13,80.4
136,2,80.4
137,14,80.4
138,7,80.3
139,7,80.3
140,3,80.3
141,4,80.3
142,6,80.2
143,6,80.2
144,5,80.2
145,58,80.1
146,59,80.1
147,60,80.1
148,8,80.0
149,61,80.0
150,15,80.0
151,7,79.9
152,3,79.9
153,8,79.9
154,16,79.9
155,7,79.8
156,7,79.8
157,9,79.8
158,62,79.7
159,17,79.7
160,9,79.7
161,4,79.7
162,10,79.6
163,2,79.6
164,6,79.6
165,2,79.5
166,11,79.5
167,63,79.5
168,10,79.5
169,3,79.4
170,64,79.4
171,11,79.4
172,65,79.4
173,6,79.3
174,18,79.3
175,11,79.3
176,3,79.2
177,4,79.2
178,19,79.2
179,66,79.2
180,8,79.1
181,67,79.1
182,2,79.1
183,7,79.1
184,12,79.0
185,68,79.0
186,2,79.0
187,12,79.0
188,8,78.9
189,7,78.9
190,8,78.9
191,69,78.9
192,4,78.8
193,13,78.8
194,1,78.8
195,70,78.8
196,3,78.8
197,3,78.7
198,71,78.7
199,72,78.7
200,9,78.7
201,1,78.6
202,10,78.6
203,14,78.6
204,73,78.6
205,13,78.5
206,14,78.5
207,1,78.5
208,15,78.5
209,74,78.5
210,16,78.4
211,17,78.4
212,75,78.4
213,8,78.4
214,76,78.3
215,15,78.3
216,18,78.3
217,77,78.3
218,1,78.3
219,4,78.2
220,9,78.2
221,12,78.2
222,16,78.2
223,5,78.2
224,10,78.1
225,17,78.1
226,78,78.1
227,19,78.1
228,79,78.0
229,18,78.0
230,5,78.0
231,19,78.0
232,20,78.0
233,1,77.9
234,20,77.9
235,2,77.9
236,80,77.9
237,81,77.9
238,6,77.8
239,13,77.8
240,20,77.8
241,21,77.8
242,82,77.8
243,14,77.7
244,83,77.7
245,22,77.7
246,23,77.7
247,3,77.7
248,21,77.6
249,22,77.6
250,9,77.6
251,84,77.6
252,15,77.6
253,23,77.6
254,85,77.5
255,86,77.5
256,24,77.5
257,87,77.5
258,7,77.5
259,10,77.4
260,25,77.4
261,11,77.4
262,1,77.4
263,24,77.4
264,1,77.3
265,8,77.3
266,26,77.3
267,27,77.3
268,88,77.3
269,1,77.3
270,89,77.2
271,90,77.2
272,25,77.2
273,28,77.2
274,11,77.2
275,91,77.2
276,3,77.1
277,29,77.1
278,1,77.1
279,21,77.1
280,26,77.1
281,9,77.0
282,4,77.0
283,92,77.0
284,93,77.0
285,16,77.0
286,94,77.0
287,1,76.9
288,5,76.9
289,2,76.9
290,5,76.9
291,6,76.9
292,2,76.9
293,95,76.8
294,12,76.8
295,2,76.8
296,30,76.8
297,96,76.8
298,97,76.8
299,98,76.7
300,10,76.7
301,99,76.7
302,100,76.7
303,31,76.7
304,2,76.7
305,101,76.6
306,102,76.6
307,103,76.6
308,32,76.6
309,104,76.6
310,17,76.6
311,11,76.5
312,22,76.5
313,23,76.5
314,105,76.5
315,13,76.5
316,6,76.5
317,2,76.5
318,24,76.4
319,33,76.4
320,106,76.4
321,27,76.4
322,25,76.4
323,28,76.4
324,7,76.3
325,34,76.3
326,6,76.3
327,107,76.3
328,29,76.3
329,12,76.3
330,14,76.3
331,2,76.2
332,26,76.2
333,11,76.2
334,35,76.2
335,2,76.2
336,18,76.2
337,27,76.2
338,8,76.1
339,15,76.1
340,36,76.1
341,30,76.1
342,31,76.1
343,7,76.1
344,13,76.0
345,32,76.0
346,37,76.0
347,2,76.0
348,1,76.0
349,19,76.0
350,108,76.0
351,2,75.9
352,109,75.9
353,110,75.9
354,4,75.9
355,5,75.9
356,1,75.9
357,33,75.9
358,7,75.8
359,111,75.8
360,3,75.8
361,5,75.8
362,8,75.8
363,9,75.8
364,28,75.8
365,14,75.8
366,38,75.7
367,39,75.7
368,7,75.7
369,3,75.7
370,29,75.7
371,3,75.7
372,1,75.7
373,30,75.6
374,1,75.6
375,3,75.6
376,1,75.6
377,1,75.6
378,112,75.6
379,10,75.6
380,11,75.5
381,3,75.5
382,3,75.5
383,113,75.5
384,40,75.5
385,16,75.5
386,41,75.5
387,15,75.5
388,12,75.4
389,31,75.4
390,13,75.4
391,8,75.4
392,114,75.4
393,42,75.4
394,2,75.4
395,8,75.4
396,14,75.3
397,1,75.3
398,15,75.3
399,115,75.3
400,9,75.3
401,16,75.3
402,9,75.3
403,116,75.2
404,10,75.2
405,9,75.2
406,4,75.2
407,3,75.2
408,16,75.2
409,2,75.2
410,43,75.2
411,12,75.1
412,117,75.1
413,44,75.1
414,17,75.1
415,1,75.1
416,17,75.1
417,20,75.1
418,4,75.1
419,10,75.0
420,118,75.0
421,4,75.0
422,45,75.0
423,119,75.0
424,12,75.0
425,120,75.0
426,46,75.0
427,18,75.0
428,47,74.9
429,121,74.9
430,11,74.9
431,32,74.9
432,11,74.9
433,17,74.9
434,122,74.9
435,3,74.9
436,2,74.8
437,18,74.8
438,13,74.8
439,21,74.8
440,14,74.8
441,123,74.8
442,48,74.8
443,124,74.8
444,34,74.7
445,125,74.7
446,5,74.7
447,19,74.7
448,10,74.7
449,12,74.7
450,20,74.7
451,126,74.7
452,6,74.7
453,11,74.6
454,33,74.6
455,4,74.6
456,21,74.6
457,127,74.6
458,128,74.6
459,2,74.6
460,19,74.6
461,129,74.6
462,130,74.5
463,131,74.5
464,12,74.5
465,132,74.5
466,49,74.5
467,13,74.5
468,22,74.5
469,133,74.5
470,50,74.5
471,51,74.4
472,52,74.4
473,134,74.4
474,5,74.4
475,35,74.4
476,23,74.4
477,34,74.4
478,4,74.4
479,35,74.4
480,53,74.3
481,22,74.3
482,18,74.3
483,4,74.3
484,1,74.3
485,135,74.3
486,14,74.3
487,5,74.3
488,15,74.3
489,16,74.2
490,36,74.2
491,54,74.2
492,55,74.2
493,136,74.2
494,56,74.2
495,137,74.2
496,23,74.2
497,37,74.2
498,138,74.1
499,139,74.1
500,19,74.1
501,24,74.1
502,140,74.1
503,6,74.1
504,141,74.1
505,142,74.1
506,6,74.1
507,143,74.1
508,25,74.0
509,20,74.0
510,36,74.0
511,37,74.0
512,4,74.0
513,57,74.0
514,4,74.0
515,38,74.0
516,3,74.0
517,3,74.0
518,58,73.9
519,38,73.9
520,2,73.9
521,1,73.9
522,5,73.9
523,21,73.9
524,22,73.9
525,1,73.9
526,144,73.9
527,6,73.8
528,13,73.8
529,39,73.8
530,145,73.8
531,9,73.8
532,26,73.8
533,24,73.8
534,20,73.8
535,17,73.8
536,40,73.8
537,15,73.7
538,7,73.7
539,59,73.7
540,146,73.7
541,147,73.7
542,8,73.7
543,3,73.7
544,25,73.7
545,5,73.7
546,1,73.7
547,14,73.6
548,3,73.6
549,2,73.6
550,16,73.6
551,60,73.6
552,6,73.6
553,61,73.6
554,23,73.6
555,7,73.6
556,148,73.6
557,4,73.6
558,149,73.5
559,39,73.5
560,150,73.5
561,6,73.5
562,62,73.5
563,7,73.5
564,21,73.5
565,7,73.5
566,26,73.5
567,5,73.5
568,63,73.4
569,151,73.4
570,8,73.4
571,6,73.4
572,2,73.4
573,1,73.4
574,152,73.4
575,1,73.4
576,64,73.4
577,5,73.4
578,40,73.4
579,27,73.3
580,5,73.3
581,153,73.3
582,41,73.3
583,154,73.3
584,27,73.3
585,28,73.3
586,22,73.3
587,3,73.3
588,29,73.3
589,155,73.2
590,156,73.2
591,1,73.2
592,157,73.2
593,65,73.2
594,4,73.2
595,66,73.2
596,28,73.2
597,158,73.2
598,2,73.2
599,30,73.2
600,31,73.1
601,67,73.1
602,68,73.1
603,6,73.1
604,32,73.1
605,33,73.1
606,3,73.1
607,7,73.1
608,69,73.1
609,1,73.1
610,10,73.1
611,15,73.0
612,3,73.0
613,9,73.0
614,42,73.0
615,159,73.0
616,41,73.0
617,23,73.0
618,70,73.0
619,4,73.0
620,8,73.0
621,2,73.0
622,34,73.0
623,7,72.9
624,29,72.9
625,18,72.9
626,30,72.9
627,16,72.9
628,71,72.9
629,42,72.9
630,160,72.9
631,43,72.9
632,4,72.9
633,72,72.9
634,73,72.8
635,17,72.8
636,44,72.8
637,2,72.8
638,74,72.8
639,24,72.8
640,3,72.8
641,161,72.8
642,13,72.8
643,4,72.8
644,75,72.8
645,76,72.8
646,77,72.7
647,78,72.7
648,79,72.7
649,19,72.7
650,3,72.7
651,43,72.7
652,4,72.7
653,162,72.7
654,18,72.7
655,17,72.7
656,80,72.7
657,24,72.6
658,35,72.6
659,31,72.6
660,45,72.6
661,163,72.6
662,164,72.6
663,18,72.6
664,46,72.6
665,36,72.6
666,37,72.6
667,4,72.6
668,7,72.6
669,19,72.5
670,165,72.5
671,20,72.5
672,20,72.5
673,5,72.5
674,6,72.5
675,166,72.5
676,4,72.5
677,81,72.5
678,2,72.5
679,11,72.5
680,167,72.5
681,82,72.5
682,6,72.4
683,3,72.4
684,83,72.4
685,168,72.4
686,5,72.4
687,1,72.4
688,84,72.4
689,19,72.4
690,21,72.4
691,85,72.4
692,21,72.4
693,86,72.4
694,5,72.3
695,4,72.3
696,9,72.3
697,9,72.3
698,5,72.3
699,47,72.3
700,169,72.3
701,20,72.3
702,5,72.3
703,22,72.3
704,44,72.3
705,4,72.3
706,87,72.2
707,45,72.2
708,8,72.2
709,9,72.2
710,170,72.2
711,88,72.2
712,10,72.2
713,171,72.2
714,172,72.2
715,173,72.2
716,48,72.2
717,38,72.2
718,10,72.2
719,174,72.1
720,32,72.1
721,89,72.1
722,23,72.1
723,90,72.1
724,91,72.1
725,1,72.1
726,21,72.1
727,175,72.1
728,10,72.1
729,176,72.1
730,49,72.1
731,92,72.1
732,177,72.0
733,22,72.0
734,93,72.0
735,24,72.0
736,22,72.0
737,94,72.0
738,178,72.0
739,179,72.0
740,39,72.0
741,46,72.0
742,1,72.0
743,180,72.0
744,95,72.0
745,25,71.9
746,96,71.9
747,23,71.9
748,26,71.9
749,1,71.9
750,1,71.9
751,181,71.9
752,182,71.9
753,6,71.9
754,97,71.9
755,1,71.9
756,50,71.9
757,98,71.9
758,23,71.8
759,99,71.8
760,100,71.8
761,47,71.8
762,11,71.8
763,101,71.8
764,48,71.8
765,24,71.8
766,2,71.8
767,33,71.8
768,24,71.8
769,12,71.8
770,102,71.8
771,103,71.8
772,25,71.7
773,183,71.7
774,184,71.7
775,26,71.7
776,11,71.7
777,25,71.7
778,2,71.7
779,11,71.7
780,40,71.7
781,1,71.7
782,12,71.7
783,8,71.7
784,34,71.7
785,104,71.6
786,185,71.6
787,12,71.6
788,27,71.6
789,13,71.6
790,6,71.6
791,5,71.6
792,7,71.6
793,105,71.6
794,49,71.6
795,106,71.6
796,186,71.6
797,2,71.6
798,50,71.6
799,26,71.5
800,107,71.5
801,51,71.5
802,35,71.5
803,108,71.5
804,109,71.5
805,3,71.5
806,41,71.5
807,27,71.5
808,28,71.5
809,2,71.5
810,42,71.5
811,12,71.5
812,187,71.5
813,51,71.4
814,28,71.4
815,188,71.4
816,2,71.4
817,189,71.4
818,10,71.4
819,6,71.4
820,29,71.4
821,43,71.4
822,190,71.4
823,11,71.4
824,191,71.4
825,3,71.4
826,110,71.4
827,29,71.3
828,9,71.3
829,25,71.3
830,13,71.3
831,36,71.3
832,192,71.3
833,12,71.3
834,4,71.3
835,8,71.3
836,44,71.3
837,7,71.3
838,30,71.3
839,7,71.3
840,52,71.3
841,14,71.3
842,4,71.2
843,193,71.2
844,8,71.2
845,30,71.2
846,194,71.2
847,195,71.2
848,53,71.2
849,9,71.2
850,196,71.2
851,54,71.2
852,1,71.2
853,37,71.2
854,1,71.2
855,31,71.2
856,13,71.1
857,38,71.1
858,14,71.1
859,197,71.1
860,15,71.1
861,198,71.1
862,13,71.1
863,52,71.1
864,1,71.1
865,55,71.1
866,111,71.1
867,25,71.1
868,112,71.1
869,39,71.1
870,199,71.1
871,1,71.0
872,15,71.0
873,113,71.0
874,56,71.0
875,27,71.0
876,8,71.0
877,45,71.0
878,200,71.0
879,114,71.0
880,8,71.0
881,14,71.0
882,115,71.0
883,116,71.0
884,4,71.0
885,6,71.0
886,201,70.9
887,5,70.9
888,31,70.9
889,28,70.9
890,29,70.9
891,2,70.9
892,15,70.9
893,202,70.9
894,32,70.9
895,57,70.9
896,16,70.9
897,33,70.9
898,203,70.9
899,117,70.9
900,30,70.9
901,5,70.8
902,58,70.8
903,32,70.8
904,204,70.8
905,118,70.8
906,205,70.8
907,119,70.8
908,59,70.8
909,60,70.8
910,26,70.8
911,206,70.8
912,17,70.8
913,9,70.8
914,27,70.8
915,34,70.8
916,207,70.8
917,40,70.7
918,41,70.7
919,31,70.7
920,120,70.7
921,61,70.7
922,62,70.7
923,35,70.7
924,7,70.7
925,121,70.7
926,10,70.7
927,16,70.7
928,208,70.7
929,18,70.7
930,19,70.7
931,46,70.7
932,36,70.6
933,209,70.6
934,1,70.6
935,9,70.6
936,210,70.6
937,32,70.6
938,16,70.6
939,1,70.6
940,10,70.6
941,3,70.6
942,211,70.6
943,9,70.6
944,3,70.6
945,1,70.6
946,1,70.6
947,212,70.6
948,213,70.5
949,8,70.5
950,37,70.5
951,28,70.5
952,1,70.5
953,122,70.5
954,42,70.5
955,5,70.5
956,123,70.5
957,63,70.5
958,47,70.5
959,214,70.5
960,124,70.5
961,125,70.5
962,33,70.5
963,5,70.5
964,38,70.4
965,215,70.4
966,126,70.4
967,39,70.4
968,20,70.4
969,43,70.4
970,26,70.4
971,48,70.4
972,216,70.4
973,10,70.4
974,127,70.4
975,128,70.4
976,10,70.4
977,40,70.4
978,217,70.4
979,21,70.4
980,218,70.4
981,1,70.3
982,129,70.3
983,17,70.3
984,3,70.3
985,11,70.3
986,34,70.3
987,22,70.3
988,11,70.3
989,130,70.3
990,131,70.3
991,41,70.3
992,132,70.3
993,35,70.3
994,12,70.3
995,133,70.3
996,33,70.3
997,11,70.2
998,134,70.2
999,4,70.2
1000,219,70.2
1001,36,70.2
1002,23,70.2
1003,135,70.2
1004,220,70.2
1005,221,70.2
1006,42,70.2
1007,43,70.2
1008,44,70.2
1009,53,70.2
1010,3,70.2
1011,44,70.2
1012,17,70.2
1013,136,70.2
1014,12,70.1
1015,34,70.1
1016,13,70.1
1017,137,70.1
1018,138,70.1
1019,24,70.1
1020,222,70.1
1021,139,70.1
1022,223,70.1
1023,14,70.1
1024,224,70.1
1025,6,70.1
1026,25,70.1
1027,225,70.1
1028,2,70.1
1029,45,70.1
1030,45,70.1
1031,54,70.0
1032,18,70.0
1033,226,70.0
1034,3,70.0
1035,140,70.0
1036,27,70.0
1037,28,70.0
1038,46,70.0
1039,141,70.0
1040,12,70.0
1041,142,70.0
1042,143,70.0
1043,227,70.0
1044,7,70.0
1045,13,70.0
1046,15,70.0
1047,55,70.0
1048,46,69.9
1049,47,69.9
1050,49,69.9
1051,47,69.9
1052,5,69.9
1053,56,69.9
1054,29,69.9
1055,228,69.9
1056,229,69.9
1057,6,69.9
1058,230,69.9
1059,2,69.9
1060,37,69.9
1061,26,69.9
1062,231,69.9
1063,3,69.9
1064,48,69.9
1065,232,69.9
1066,29,69.8
1067,18,69.8
1068,233,69.8
1069,35,69.8
1070,11,69.8
1071,3,69.8
1072,49,69.8
1073,1,69.8
1074,38,69.8
1075,4,69.8
1076,144,69.8
1077,234,69.8
1078,19,69.8
1079,14,69.8
1080,14,69.8
1081,12,69.8
1082,3,69.8
1083,145,69.7
1084,2,69.7
1085,146,69.7
1086,50,69.7
1087,15,69.7
1088,30,69.7
1089,9,69.7
1090,6,69.7
1091,31,69.7
1092,19,69.7
1093,39,69.7
1094,40,69.7
1095,51,69.7
1096,235,69.7
1097,20,69.7
1098,64,69.7
1099,65,69.7
1100,6,69.7
1101,236,69.6
1102,21,69.6
1103,7,69.6
1104,13,69.6
1105,13,69.6
1106,52,69.6
1107,12,69.6
1108,16,69.6
1109,57,69.6
1110,48,69.6
1111,66,69.6
1112,14,69.6
1113,7,69.6
1114,32,69.6
1115,237,69.6
1116,6,69.6
1117,238,69.6
1118,58,69.6
1119,36,69.5
1120,147,69.5
1121,6,69.5
1122,239,69.5
1123,41,69.5
1124,22,69.5
1125,53,69.5
1126,15,69.5
1127,148,69.5
1128,23,69.5
1129,149,69.5
1130,20,69.5
1131,150,69.5
1132,7,69.5
1133,240,69.5
1134,27,69.5
1135,241,69.5
1136,242,69.5
1137,243,69.5
1138,17,69.4
1139,24,69.4
1140,16,69.4
1141,54,69.4
1142,16,69.4
1143,2,69.4
1144,55,69.4
1145,17,69.4
1146,49,69.4
1147,151,69.4
1148,244,69.4
1149,245,69.4
1150,1,69.4
1151,246,69.4
1152,37,69.4
1153,247,69.4
1154,13,69.4
1155,248,69.4
1156,8,69.3
1157,17,69.3
1158,59,69.3
1159,50,69.3
1160,18,69.3
1161,42,69.3
1162,4,69.3
1163,8,69.3
1164,152,69.3
1165,60,69.3
1166,56,69.3
1167,1,69.3
1168,25,69.3
1169,249,69.3
1170,250,69.3
1171,153,69.3
1172,4,69.3
1173,8,69.3
1174,19,69.3
1175,50,69.2
1176,51,69.2
1177,57,69.2
1178,251,69.2
1179,252,69.2
1180,58,69.2
1181,20,69.2
1182,30,69.2
1183,18,69.2
1184,154,69.2
1185,5,69.2
1186,67,69.2
1187,155,69.2
1188,156,69.2
1189,253,69.2
1190,5,69.2
1191,18,69.2
1192,254,69.2
1193,255,69.2
1194,26,69.1
1195,59,69.1
1196,21,69.1
1197,256,69.1
1198,22,69.1
1199,28,69.1
1200,21,69.1
1201,257,69.1
1202,157,69.1
1203,258,69.1
1204,158,69.1
1205,1,69.1
1206,19,69.1
1207,19,69.1
1208,60,69.1
1209,6,69.1
1210,61,69.1
1211,62,69.1
1212,29,69.1
1213,51,69.0
1214,68,69.0
1215,52,69.0
1216,259,69.0
1217,5,69.0
1218,159,69.0
1219,160,69.0
1220,38,69.0
1221,9,69.0
1222,5,69.0
1223,31,69.0
1224,161,69.0
1225,69,69.0
1226,260,69.0
1227,53,69.0
1228,162,69.0
1229,63,69.0
1230,30,69.0
1231,163,69.0
1232,20,69.0
1233,164,68.9
1234,165,68.9
1235,39,68.9
1236,27,68.9
1237,52,68.9
1238,23,68.9
1239,9,68.9
1240,261,68.9
1241,64,68.9
1242,31,68.9
1243,65,68.9
1244,7,68.9
1245,33,68.9
1246,20,68.9
1247,66,68.9
1248,262,68.9
1249,166,68.9
1250,70,68.9
1251,10,68.9
1252,6,68.9
1253,67,68.8
1254,2,68.8
1255,4,68.8
1256,53,68.8
1257,7,68.8
1258,6,68.8
1259,43,68.8
1260,167,68.8
1261,14,68.8
1262,54,68.8
1263,68,68.8
1264,168,68.8
1265,28,68.8
1266,1,68.8
1267,69,68.8
1268,54,68.8
1269,169,68.8
1270,32,68.8
1271,263,68.8
1272,264,68.8
1273,70,68.7
1274,55,68.7
1275,33,68.7
1276,1,68.7
1277,170,68.7
1278,14,68.7
1279,44,68.7
1280,32,68.7
1281,29,68.7
1282,71,68.7
1283,56,68.7
1284,55,68.7
1285,71,68.7
1286,34,68.7
1287,45,68.7
1288,171,68.7
1289,265,68.7
1290,40,68.7
1291,266,68.7
1292,172,68.7
1293,56,68.6
1294,267,68.6
1295,57,68.6
1296,2,68.6
1297,7,68.6
1298,8,68.6
1299,72,68.6
1300,73,68.6
1301,21,68.6
1302,173,68.6
1303,74,68.6
1304,24,68.6
1305,174,68.6
1306,33,68.6
1307,175,68.6
1308,57,68.6
1309,75,68.6
1310,41,68.6
1311,15,68.6
1312,2,68.6
1313,10,68.5
1314,176,68.5
1315,8,68.5
1316,76,68.5
1317,35,68.5
1318,25,68.5
1319,22,68.5
1320,177,68.5
1321,1,68.5
1322,21,68.5
1323,10,68.5
1324,178,68.5
1325,22,68.5
1326,42,68.5
1327,46,68.5
1328,179,68.5
1329,58,68.5
1330,16,68.5
1331,22,68.5
1332,1,68.5
1333,4,68.5
1334,72,68.4
1335,23,68.4
1336,24,68.4
1337,4,68.4
1338,73,68.4
1339,26,68.4
1340,5,68.4
1341,1,68.4
1342,77,68.4
1343,34,68.4
1344,3,68.4
1345,17,68.4
1346,34,68.4
1347,1,68.4
1348,27,68.4
1349,74,68.4
1350,78,68.4
1351,1,68.4
1352,8,68.4
1353,9,68.4
1354,23,68.4
1355,180,68.3
1356,11,68.3
1357,23,68.3
1358,59,68.3
1359,4,68.3
1360,7,68.3
1361,181,68.3
1362,268,68.3
1363,4,68.3
1364,269,68.3
1365,75,68.3
1366,182,68.3
1367,270,68.3
1368,11,68.3
1369,271,68.3
1370,79,68.3
1371,60,68.3
1372,28,68.3
1373,30,68.3
1374,9,68.3
1375,80,68.3
1376,61,68.3
1377,1,68.2
1378,183,68.2
1379,184,68.2
1380,1,68.2
1381,29,68.2
1382,31,68.2
1383,18,68.2
1384,185,68.2
1385,81,68.2
1386,7,68.2
1387,25,68.2
1388,186,68.2
1389,32,68.2
1390,62,68.2
1391,35,68.2
1392,36,68.2
1393,272,68.2
1394,273,68.2
1395,43,68.2
1396,76,68.2
1397,33,68.2
1398,24,68.1
1399,35,68.1
1400,2,68.1
1401,274,68.1
1402,187,68.1
1403,82,68.1
1404,44,68.1
1405,8,68.1
1406,188,68.1
1407,30,68.1
1408,189,68.1
1409,19,68.1
1410,275,68.1
1411,61,68.1
1412,12,68.1
1413,276,68.1
1414,190,68.1
1415,191,68.1
1416,11,68.1
1417,83,68.1
1418,36,68.1
1419,37,68.1
1420,277,68.0
1421,278,68.0
1422,1,68.0
1423,10,68.0
1424,38,68.0
1425,279,68.0
1426,2,68.0
1427,31,68.0
1428,192,68.0
1429,280,68.0
1430,2,68.0
1431,84,68.0
1432,193,68.0
1433,194,68.0
1434,24,68.0
1435,85,68.0
1436,86,68.0
1437,8,68.0
1438,195,68.0
1439,47,68.0
1440,5,68.0
1441,2,68.0
1442,32,67.9
1443,62,67.9
1444,63,67.9
1445,9,67.9
1446,26,67.9
1447,2,67.9
1448,87,67.9
1449,2,67.9
1450,196,67.9
1451,281,67.9
1452,6,67.9
1453,282,67.9
1454,63,67.9
1455,283,67.9
1456,6,67.9
1457,64,67.9
1458,197,67.9
1459,77,67.9
1460,58,67.9
1461,27,67.9
1462,28,67.9
1463,5,67.9
1464,8,67.8
1465,10,67.8
1466,65,67.8
1467,9,67.8
1468,66,67.8
1469,88,67.8
1470,284,67.8
1471,198,67.8
1472,89,67.8
1473,10,67.8
1474,64,67.8
1475,199,67.8
1476,285,67.8
1477,78,67.8
1478,79,67.8
1479,39,67.8
1480,25,67.8
1481,45,67.8
1482,3,67.8
1483,286,67.8
1484,46,67.8
1485,90,67.8
1486,65,67.8
1487,20,67.7
1488,200,67.7
1489,7,67.7
1490,40,67.7
1491,287,67.7
1492,6,67.7
1493,66,67.7
1494,288,67.7
1495,33,67.7
1496,25,67.7
1497,289,67.7
1498,47,67.7
1499,91,67.7
1500,26,67.7
1501,8,67.7
1502,34,67.7
1503,92,67.7
1504,201,67.7
1505,202,67.7
1506,21,67.7
1507,290,67.7
1508,59,67.7
1509,203,67.7
1510,48,67.6
1511,27,67.6
1512,291,67.6
1513,204,67.6
1514,292,67.6
1515,35,67.6
1516,293,67.6
1517,15,67.6
1518,1,67.6
1519,80,67.6
1520,34,67.6
1521,11,67.6
1522,35,67.6
1523,22,67.6
1524,205,67.6
1525,28,67.6
1526,3,67.6
1527,6,67.6
1528,41,67.6
1529,36,67.6
1530,23,67.6
1531,93,67.6
1532,42,67.6
1533,94,67.5
1534,36,67.5
1535,29,67.5
1536,13,67.5
1537,1,67.5
1538,37,67.5
1539,26,67.5
1540,206,67.5
1541,81,67.5
1542,207,67.5
1543,27,67.5
1544,9,67.5
1545,7,67.5
1546,294,67.5
1547,295,67.5
1548,208,67.5
1549,43,67.5
1550,38,67.5
1551,7,67.5
1552,209,67.5
1553,24,67.5
1554,210,67.5
1555,82,67.5
1556,211,67.4
1557,296,67.4
1558,39,67.4
1559,25,67.4
1560,297,67.4
1561,1,67.4
1562,298,67.4
1563,212,67.4
1564,5,67.4
1565,213,67.4
1566,7,67.4
1567,3,67.4
1568,40,67.4
1569,214,67.4
1570,83,67.4
1571,215,67.4
1572,216,67.4
1573,217,67.4
1574,2,67.4
1575,12,67.4
1576,67,67.4
1577,95,67.4
1578,13,67.4
1579,84,67.4
1580,3,67.3
1581,10,67.3
1582,41,67.3
1583,299,67.3
1584,67,67.3
1585,218,67.3
1586,2,67.3
1587,96,67.3
1588,49,67.3
1589,50,67.3
1590,29,67.3
1591,28,67.3
1592,44,67.3
1593,300,67.3
1594,10,67.3
1595,97,67.3
1596,26,67.3
1597,10,67.3
1598,219,67.3
1599,301,67.3
1600,1,67.3
1601,220,67.3
1602,48,67.3
1603,98,67.3
1604,42,67.2
1605,30,67.2
1606,221,67.2
1607,222,67.2
1608,302,67.2
1609,51,67.2
1610,8,67.2
1611,29,67.2
1612,223,67.2
1613,31,67.2
1614,43,67.2
1615,303,67.2
1616,52,67.2
1617,37,67.2
1618,1,67.2
1619,4,67.2
1620,37,67.2
1621,99,67.2
1622,68,67.2
1623,44,67.2
1624,38,67.2
1625,30,67.2
1626,39,67.2
1627,224,67.2
1628,304,67.1
1629,305,67.1
1630,49,67.1
1631,12,67.1
1632,225,67.1
1633,306,67.1
1634,226,67.1
1635,31,67.1
1636,85,67.1
1637,86,67.1
1638,69,67.1
1639,8,67.1
1640,8,67.1
1641,32,67.1
1642,16,67.1
1643,30,67.1
1644,307,67.1
1645,27,67.1
1646,60,67.1
1647,11,67.1
1648,308,67.1
1649,33,67.1
1650,309,67.1
1651,34,67.1
1652,50,67.1
1653,4,67.0
1654,8,67.0
1655,100,67.0
1656,227,67.0
1657,228,67.0
1658,28,67.0
1659,229,67.0
1660,3,67.0
1661,3,67.0
1662,11,67.0
1663,11,67.0
1664,38,67.0
1665,9,67.0
1666,45,67.0
1667,230,67.0
1668,29,67.0
1669,7,67.0
1670,51,67.0
1671,40,67.0
1672,310,67.0
1673,311,67.0
1674,87,67.0
1675,2,67.0
1676,101,67.0
1677,46,66.9
1678,3,66.9
1679,36,66.9
1680,32,66.9
1681,231,66.9
1682,47,66.9
1683,14,66.9
1684,312,66.9
1685,232,66.9
1686,70,66.9
1687,12,66.9
1688,88,66.9
1689,313,66.9
1690,45,66.9
1691,46,66.9
1692,233,66.9
1693,102,66.9
1694,314,66.9
1695,11,66.9
1696,1,66.9
1697,315,66.9
1698,48,66.9
1699,49,66.9
1700,1,66.9
1701,35,66.9
1702,316,66.8
1703,12,66.8
1704,234,66.8
1705,53,66.8
1706,30,66.8
1707,2,66.8
1708,39,66.8
1709,235,66.8
1710,50,66.8
1711,61,66.8
1712,317,66.8
1713,12,66.8
1714,236,66.8
1715,318,66.8
1716,4,66.8
1717,7,66.8
1718,319,66.8
1719,237,66.8
1720,103,66.8
1721,320,66.8
1722,41,66.8
1723,54,66.8
1724,9,66.8
1725,321,66.8
1726,89,66.8
1727,104,66.8
1728,68,66.7
1729,322,66.7
1730,2,66.7
1731,13,66.7
1732,71,66.7
1733,55,66.7
1734,2,66.7
1735,37,66.7
1736,5,66.7
1737,12,66.7
1738,62,66.7
1739,72,66.7
1740,42,66.7
1741,105,66.7
1742,47,66.7
1743,106,66.7
1744,323,66.7
1745,1,66.7
1746,238,66.7
1747,9,66.7
1748,107,66.7
1749,10,66.7
1750,73,66.7
1751,56,66.7
1752,108,66.7
1753,36,66.6
1754,239,66.6
1755,74,66.6
1756,69,66.6
1757,3,66.6
1758,37,66.6
1759,38,66.6
1760,63,66.6
1761,109,66.6
1762,324,66.6
1763,38,66.6
1764,240,66.6
1765,241,66.6
1766,242,66.6
1767,51,66.6
1768,75,66.6
1769,43,66.6
1770,1,66.6
1771,243,66.6
1772,48,66.6
1773,64,66.6
1774,57,66.6
1775,244,66.6
1776,110,66.6
1777,52,66.6
1778,325,66.6
1779,31,66.5
1780,326,66.5
1781,15,66.5
1782,44,66.5
1783,13,66.5
1784,245,66.5
1785,7,66.5
1786,33,66.5
1787,34,66.5
1788,35,66.5
1789,49,66.5
1790,90,66.5
1791,31,66.5
1792,6,66.5
1793,111,66.5
1794,39,66.5
1795,246,66.5
1796,327,66.5
1797,112,66.5
1798,247,66.5
1799,328,66.5
1800,32,66.5
1801,248,66.5
1802,15,66.5
1803,3,66.5
1804,50,66.5
1805,7,66.4
1806,40,66.4
1807,45,66.4
1808,113,66.4
1809,36,66.4
1810,114,66.4
1811,16,66.4
1812,3,66.4
1813,51,66.4
1814,249,66.4
1815,6,66.4
1816,1,66.4
1817,3,66.4
1818,329,66.4
1819,1,66.4
1820,14,66.4
1821,9,66.4
1822,8,66.4
1823,250,66.4
1824,8,66.4
1825,7,66.4
1826,8,66.4
1827,46,66.4
1828,251,66.4
1829,115,66.4
1830,76,66.4
1831,52,66.4
1832,2,66.3
1833,53,66.3
1834,37,66.3
1835,330,66.3
1836,116,66.3
1837,13,66.3
1838,331,66.3
1839,91,66.3
1840,17,66.3
1841,40,66.3
1842,54,66.3
1843,55,66.3
1844,77,66.3
1845,332,66.3
1846,252,66.3
1847,39,66.3
1848,56,66.3
1849,65,66.3
1850,117,66.3
1851,52,66.3
1852,1,66.3
1853,9,66.3
1854,47,66.3
1855,41,66.3
1856,48,66.3
1857,78,66.3
1858,57,66.3
1859,14,66.2
1860,9,66.2
1861,2,66.2
1862,333,66.2
1863,253,66.2
1864,42,66.2
1865,38,66.2
1866,16,66.2
1867,79,66.2
1868,334,66.2
1869,39,66.2
1870,3,66.2
1871,53,66.2
1872,1,66.2
1873,58,66.2
1874,10,66.2
1875,58,66.2
1876,335,66.2
1877,254,66.2
1878,33,66.2
1879,41,66.2
1880,10,66.2
1881,17,66.2
1882,15,66.2
1883,11,66.2
1884,336,66.2
1885,32,66.2
1886,33,66.1
1887,255,66.1
1888,18,66.1
1889,337,66.1
1890,92,66.1
1891,59,66.1
1892,34,66.1
1893,49,66.1
1894,256,66.1
1895,50,66.1
1896,51,66.1
1897,35,66.1
1898,43,66.1
1899,9,66.1
1900,118,66.1
1901,60,66.1
1902,12,66.1
1903,257,66.1
1904,258,66.1
1905,259,66.1
1906,93,66.1
1907,1,66.1
1908,338,66.1
1909,54,66.1
1910,119,66.1
1911,40,66.1
1912,14,66.1
1913,260,66.0
1914,120,66.0
1915,121,66.0
1916,61,66.0
1917,261,66.0
1918,9,66.0
1919,262,66.0
1920,59,66.0
1921,34,66.0
1922,1,66.0
1923,44,66.0
1924,16,66.0
1925,70,66.0
1926,339,66.0
1927,263,66.0
1928,10,66.0
1929,45,66.0
1930,52,66.0
1931,264,66.0
1932,60,66.0
1933,53,66.0
1934,265,66.0
1935,2,66.0
1936,17,66.0
1937,54,66.0
1938,2,66.0
1939,340,66.0
1940,4,66.0
1941,55,65.9
1942,122,65.9
1943,35,65.9
1944,1,65.9
1945,55,65.9
1946,42,65.9
1947,62,65.9
1948,266,65.9
1949,8,65.9
1950,13,65.9
1951,63,65.9
1952,267,65.9
1953,341,65.9
1954,5,65.9
1955,94,65.9
1956,123,65.9
1957,268,65.9
1958,342,65.9
1959,4,65.9
1960,64,65.9
1961,269,65.9
1962,66,65.9
1963,95,65.9
1964,270,65.9
1965,36,65.9
1966,6,65.9
1967,2,65.9
1968,271,65.8
1969,19,65.8
1970,15,65.8
1971,4,65.8
1972,18,65.8
1973,37,65.8
1974,17,65.8
1975,38,65.8
1976,10,65.8
1977,272,65.8
1978,46,65.8
1979,65,65.8
1980,66,65.8
1981,343,65.8
1982,124,65.8
1983,5,65.8
1984,273,65.8
1985,67,65.8
1986,14,65.8
1987,274,65.8
1988,39,65.8
1989,344,65.8
1990,345,65.8
1991,346,65.8
1992,2,65.8
1993,347,65.8
1994,68,65.8
1995,2,65.8
1996,56,65.8
1997,275,65.7
1998,276,65.7
1999,53,65.7
2000,277,65.7
